{"cameraMode":{"drawMode":0,"name":"Shaded","section":"Shading Mode"},"sceneLighting":false,"audioPlay":false,"sceneViewState":{"showFog":true,"showMaterialUpdate":false,"showSkybox":false,"showFlares":true,"showImageEffects":true,"showParticleSystems":true},"in2DMode":false,"pivot":{"x":-0.03799998760223389,"y":0.050000011920928958,"z":-5.670000076293945},"rotation":{"x":-0.09303069114685059,"y":0.0552346296608448,"z":-0.005168934818357229,"w":-0.9941165447235107},"size":3.219879150390625,"orthographic":false}